{"count":1,"self":529.4652416,"total":4936.722608,"children":{"InitializeActuators":{"count":2,"self":0.0014889999999999999,"total":0.0014889999999999999,"children":null},"InitializeSensors":{"count":2,"self":3.7999999999999995E-05,"total":3.7999999999999995E-05,"children":null},"AgentSendState":{"count":1046217,"self":2.651394,"total":126.21866899999999,"children":{"CollectObservations":{"count":209245,"self":109.7984128,"total":109.798407,"children":null},"WriteActionMask":{"count":209244,"self":0.23083399999999998,"total":0.23083399999999998,"children":null},"RequestDecision":{"count":209244,"self":1.228578,"total":13.538034,"children":{"AgentInfo.ToProto":{"count":209244,"self":1.23758,"total":12.309455999999999,"children":{"GenerateSensorData":{"count":209244,"self":11.071876,"total":11.071876,"children":null}}}}}}},"DecideAction":{"count":1046216,"self":3135.26784,"total":3135.2677449999996,"children":null},"AgentAct":{"count":1046216,"self":1133.2882432,"total":1145.768819,"children":{"AgentInfo.ToProto":{"count":209244,"self":1.612784,"total":12.480611999999999,"children":{"GenerateSensorData":{"count":209244,"self":10.867828,"total":10.867828,"children":null}}}}}},"gauges":{"AgentSkript.CumulativeReward":{"count":209244,"max":-85,"min":-310,"runningAverage":-250.64183,"value":-250,"weightedAverage":-250.000031}},"metadata":{"timer_format_version":"0.1.0","start_time_seconds":"1704146569","unity_version":"2022.3.14f1","command_line_arguments":"\/home\/tony\/Unity\/Hub\/Editor\/2022.3.14f1\/Editor\/Unity -projectpath \/home\/tony\/Bachelorarbeit -useHub -hubIPC -cloudEnvironment production -licensingIpc LicenseClient-tony -hubSessionId 339c857f-7d5c-4add-9ed7-19c5a28d94e3 -accessToken tGrLZoNpCDGn6mH70JHPvbzDJIoSl7hFvStBkuBNGUw008f","communication_protocol_version":"1.5.0","com.unity.ml-agents_version":"2.0.1","scene_name":"SampleScene","end_time_seconds":"1704151505"}}