{"count":1,"self":97.231647999999993,"total":4733.028001,"children":{"InitializeActuators":{"count":132,"self":0.002559,"total":0.002559,"children":null},"InitializeSensors":{"count":132,"self":0.0019479999999999999,"total":0.0019479999999999999,"children":null},"AgentSendState":{"count":75767,"self":3.063475,"total":308.070007,"children":{"CollectObservations":{"count":1000164,"self":274.98470399999997,"total":274.984697,"children":null},"WriteActionMask":{"count":1000164,"self":0.61607499999999993,"total":0.61607499999999993,"children":null},"RequestDecision":{"count":1000164,"self":1.982443,"total":29.405759999999997,"children":{"AgentInfo.ToProto":{"count":1000164,"self":1.5268279999999999,"total":27.423316999999997,"children":{"GenerateSensorData":{"count":1000164,"self":25.8964896,"total":25.896489,"children":null}}}}}}},"DecideAction":{"count":75767,"self":2754.168832,"total":2754.168795,"children":null},"AgentAct":{"count":75767,"self":1547.2346112,"total":1573.553023,"children":{"AgentInfo.ToProto":{"count":1000164,"self":1.9240199999999998,"total":26.318400999999998,"children":{"GenerateSensorData":{"count":1000164,"self":24.3943808,"total":24.394381,"children":null}}}}}},"gauges":{"KreuzelAgent.CumulativeReward":{"count":1000164,"max":22,"min":0,"runningAverage":3.39259076,"value":7,"weightedAverage":3.67397165}},"metadata":{"timer_format_version":"0.1.0","start_time_seconds":"1707773005","unity_version":"2022.3.17f1","command_line_arguments":"\/home\/tony\/Unity\/Hub\/Editor\/2022.3.17f1\/Editor\/Unity -projectpath \/home\/tony\/Bachelorarbeit -useHub -hubIPC -cloudEnvironment production -licensingIpc LicenseClient-tony -hubSessionId 3b27f2c0-9a43-4bf8-a30d-78509ede5e47 -accessToken sbZHvN9hPh3eTvOioZVl2MgAQLdy-CmniiJ4Yn99TG8008f","communication_protocol_version":"1.5.0","com.unity.ml-agents_version":"2.0.1","scene_name":"Training 1","end_time_seconds":"1707777738"}}