{"count":1,"self":36.2704096,"total":4094.378793,"children":{"InitializeActuators":{"count":132,"self":0.0032879999999999997,"total":0.0032879999999999997,"children":null},"InitializeSensors":{"count":132,"self":0.002239,"total":0.002239,"children":null},"AgentSendState":{"count":75767,"self":2.590989,"total":20.906457,"children":{"CollectObservations":{"count":1000164,"self":12.1464064,"total":12.146405999999999,"children":null},"WriteActionMask":{"count":1000164,"self":0.581566,"total":0.581566,"children":null},"RequestDecision":{"count":1000164,"self":1.697578,"total":5.587496,"children":{"AgentInfo.ToProto":{"count":1000164,"self":1.311038,"total":3.8899179999999998,"children":{"GenerateSensorData":{"count":1000164,"self":2.57888,"total":2.57888,"children":null}}}}}}},"DecideAction":{"count":75767,"self":1935.2502272,"total":1935.250309,"children":null},"AgentAct":{"count":75767,"self":2096.1374207999997,"total":2101.94514,"children":{"AgentInfo.ToProto":{"count":1000164,"self":2.210512,"total":5.8078119999999993,"children":{"GenerateSensorData":{"count":1000164,"self":3.5972999999999997,"total":3.5972999999999997,"children":null}}}}}},"gauges":{"KreuzelAgent.CumulativeReward":{"count":1000164,"max":22,"min":0,"runningAverage":3.21613169,"value":2,"weightedAverage":3.09726739}},"metadata":{"timer_format_version":"0.1.0","start_time_seconds":"1709296372","unity_version":"2022.3.17f1","command_line_arguments":"\/home\/tony\/Unity\/Hub\/Editor\/2022.3.17f1\/Editor\/Unity -projectpath \/home\/tony\/Bachelorarbeit -useHub -hubIPC -cloudEnvironment production -licensingIpc LicenseClient-tony -hubSessionId 9fb501b8-6226-49d4-b389-cb02c8274757 -accessToken kobXs8oUauMgzp9O_JjrZRdO0jU92xM06AdA6mnhf6Q008f","communication_protocol_version":"1.5.0","com.unity.ml-agents_version":"2.0.1","scene_name":"Training 1","end_time_seconds":"1709300467"}}